module,NYU1019-N,NYU1019-T,NYU1027-N,NYU1027-T,NYU1037-N,NYU1037-T,NYU1057-N,NYU1057-T,NYU1079-N,NYU1079-T,NYU1124-N,NYU1124-T,NYU113-N,NYU113-T,NYU1141-N,NYU1141-T,NYU1196-N,NYU1196-T,NYU1205-N,NYU1205-T,NYU1206-N,NYU1206-T,NYU1210-N,NYU1210-T,NYU1213-N,NYU1213-T,NYU1222-N,NYU1222-T,NYU1261-N,NYU1261-T,NYU1280-N,NYU1280-T,NYU1284-N,NYU1284-T,NYU1319-N,NYU1319-T,NYU1321-N,NYU1321-T,NYU1334-N,NYU1334-T,NYU1351-N,NYU1351-T,NYU1355-N,NYU1355-T,NYU1364-Intra-OPB-T,NYU1364-N,NYU1368-N,NYU1368-T,NYU1416-N,NYU1416-T,NYU1417-N,NYU1417-T,NYU1428-N,NYU1428-T,NYU1433-N,NYU1433-T,NYU1435-N,NYU1435-T,NYU1443-N,NYU1443-T,NYU1445-N,NYU1445-T,NYU1448-N,NYU1448-T,NYU1487-N,NYU1487-T,NYU1502-N,NYU1502-T,NYU1512-N,NYU1512-T,NYU1551-N,NYU1551-T,NYU1555-N,NYU1555-T,NYU1562-N,NYU1562-T,NYU1595-N,NYU1595-T,NYU1597-N,NYU1597-T,NYU1603-N,NYU1603-T,NYU1609-N,NYU1609-T,NYU1630-N,NYU1630-T,NYU1636-N,NYU1636-T,NYU1678-N,NYU1678-T,NYU1682-N,NYU1682-T,NYU1707-N,NYU1707-T,NYU1738-N,NYU1738-T,NYU1749-N,NYU1749-T,NYU175-N,NYU175-T,NYU1767-N,NYU1767-T,NYU1769-N,NYU1769-T,NYU178-N,NYU178-T,NYU1787-N,NYU1787-T,NYU1795-N,NYU1795-T,NYU1808-N,NYU1808-T,NYU1837-N,NYU1837-T,NYU1845-N,NYU1845-T,NYU1854-N,NYU1854-T,NYU1871-N,NYU1871-T,NYU1873-N,NYU1873-T,NYU1883-N,NYU1883-T,NYU1884-N,NYU1884-T,NYU1891-N,NYU1891-T,NYU1897-N,NYU1897-T,NYU1898-N,NYU1898-T,NYU1900-N,NYU1900-T,NYU1906-N,NYU1906-T,NYU1923-N,NYU1923-T,NYU1932-N,NYU1932A-T,NYU1940-N,NYU1940A-T,NYU1949-CH-N,NYU1949-CH-T,NYU1951-N,NYU1951-T,NYU1953-N,NYU1953-T,NYU1967-N,NYU1967A-T,NYU1970-N,NYU1970A-T,NYU1982-N,NYU1982A-T,NYU1986-N,NYU1986A-T,NYU1997-N,NYU1997A-T,NYU1999-N,NYU1999-T,NYU2002-N,NYU2002-T,NYU2005-N,NYU2005A-T,NYU20S-N,NYU20S-T,NYU252-N,NYU252-T,NYU268-N,NYU268-T,NYU278-N,NYU278-T,NYU279-N,NYU279-T,NYU294-N,NYU294-T,NYU300-2-T,NYU300-N,NYU307-N,NYU307-T,NYU318-N,NYU318-T,NYU32-N,NYU32-T,NYU330-N,NYU330-T,NYU346-N,NYU346-T,NYU359-N,NYU359-T,NYU373-N,NYU373-T,NYU454-N,NYU454-T,NYU457-N,NYU457-T,NYU50-N,NYU50-T,NYU502-N,NYU502-T,NYU539-N,NYU539-T,NYU565-N,NYU565-T,NYU608-N,NYU608-T,NYU62-N,NYU62-T,NYU669-N,NYU669-T,NYU675-N,NYU675-T,NYU689-N,NYU689-T,NYU704-N,NYU704-T,NYU706-N,NYU706-T,NYU713-N,NYU713-T,NYU741-N,NYU741-T,NYU779-N,NYU779-T,NYU780-N,NYU780-T,NYU784-N,NYU784-T,NYU822-N,NYU822-T,NYU831-N,NYU831-T,NYU848-N,NYU848-T,NYU867-N,NYU867-T,NYU875-N,NYU875-T,NYU947-N,NYU947-T,NYU955-N,NYU955-T,NYU965-N,NYU965-T,NYU994-N,NYU994-T
01,0.14446,0.40908,0.01307,-1.03379,0.17227,-0.07872,0.00192,-0.15177,0.20052,0.77312,0.1982,-0.03,-0.07747,0.48809,0.44559,0.57339,-0.15258,-0.58843,-1.02485,-0.17501,-0.07454,-0.35242,0.11606,0.3859,-0.08136,-0.38904,0.38117,0.11553,0.03512,0.187,0.59453,0.21318,0.43237,0.17952,-0.05193,-0.20141,0.68743,0.43507,-0.22099,-0.56369,-0.10571,-0.35255,-0.1848,-0.27884,-0.37318,-0.542,-0.34439,-0.02162,-0.3002,-0.15279,-0.11359,-0.52381,-0.03339,0.15543,-0.1245,0.35508,-0.09825,-0.46889,-0.00209,-0.4182,0.78983,-0.48897,-0.02145,0.05508,0.29653,-0.30132,-0.44814,-0.50098,-0.45197,-0.17415,-0.1644,-0.0236,-0.39351,-0.55224,-0.29584,-0.16964,-0.2117,0.37028,0.17965,0.15858,0.07157,-0.29016,0.15521,0.07415,0.27597,-0.3291,-0.13374,-0.38932,-0.34405,-0.313,-0.17399,-0.3275,-0.24301,0.24702,0.13282,-0.02191,0.06863,-0.20688,0.17573,-0.0871,-0.45015,-0.62652,-0.41244,-0.27921,-0.09786,0.25152,-0.10395,0.33997,-0.3049,0.1889,-0.61298,-0.18423,-0.476,0.15279,-0.32476,-0.16642,-0.08683,0.81617,0.13858,0.22554,0.19223,-0.68094,-0.17301,0.24148,0.00331,-0.19094,-0.48722,-0.17901,-0.31706,-0.28322,-0.3053,-0.34051,-0.08636,-0.11301,-0.18125,-0.34822,-0.28628,0.04549,-0.01842,-0.56334,-0.18003,0.12568,0.61976,0.18763,-0.03301,-0.15214,0.58092,-0.24418,-0.53478,-0.09066,0.82729,-0.08182,-0.20352,0.12973,0.49979,-0.18046,-0.59172,-0.48109,-0.17439,0.02539,0.02307,0.1541,0.46169,0.68651,0.25551,-0.27391,0.38404,0.27173,0.15671,-0.20073,0.30947,-0.2917,0.30484,-0.3598,-0.08549,-0.35081,-0.38508,-0.31885,-0.19322,-0.08925,-0.17863,-0.1166,0.43688,-0.54438,-0.11553,0.30297,-0.15494,0.47039,0.10827,-0.02523,-0.25574,0.05923,1.25,-0.13812,-0.05384,0.44746,0.02734,-0.483,0.08215,-0.17488,0.94678,0.10251,0.08207,-0.19076,0.8054,0.0045,0.11353,0.33353,0.93588,0.34091,0.31868,0.11196,0.26984,0.15753,0.10335,0.485,0.27992,-0.25902,0.20057,0.08579,0.33464,-0.29805,0.27874,0.40085,0.24147,0.7482,0.25837,0.81806,0.12389,0.19287,0.11819,0.6017,-0.05901,0.34616,0.01354,-0.12316,0.28898,-0.32666,0.47553,0.10834,0.35785,0.33644,0.30801,0.10108,0.25746,-0.49775
02,-0.10521,-1.37093,0.54114,-0.16597,0.20097,-0.36355,0.38384,0.60308,0.44432,-0.9011,0.20868,0.17776,0.04159,0.35626,0.43117,-0.50732,-0.49286,-0.31381,0.18731,-0.21221,0.76808,-0.40844,-0.37839,-0.51585,0.1614,-0.04228,0.20206,-0.33627,0.47126,-0.1216,-0.02509,-0.12489,-0.36667,0.21935,0.95539,0.02618,0.52246,-0.42987,0.55176,0.39771,0.67345,-0.28267,0.77774,0.04143,-0.75886,-0.00876,1.03833,-0.32721,0.10611,0.66804,0.54349,-0.15262,0.56405,0.22056,1.03158,-0.511,0.65251,-0.25683,0.49525,0.34674,0.00932,-0.00343,0.41227,0.78418,-0.02024,-0.86887,-0.89416,-0.24164,0.30064,-0.506,0.61386,-0.21199,-0.2019,0.22594,0.89074,0.66818,0.61076,-1.36392,0.33944,-0.76364,0.81534,0.03407,0.19143,-0.48102,0.65808,-0.80793,0.68575,-0.7843,0.38656,0.24666,0.37929,-0.96622,0.29917,-0.76423,0.42793,-0.47118,0.85972,0.3192,-0.20543,0.57301,-0.41572,-0.41642,0.79544,-0.00359,0.79184,0.11514,0.28788,-1.16546,-0.99496,-1.7221,0.43898,-0.28791,-0.05662,-0.77578,0.5255,-0.0948,0.50341,-0.38774,0.37486,-0.04175,-0.07227,-0.56332,0.57736,0.12927,0.07067,-0.42179,0.31691,-0.15051,0.46256,0.02313,0.35616,-0.17344,-0.24687,0.21191,-0.36328,-0.4097,0.82163,-0.08566,0.32044,-0.33382,0.86031,-0.48514,0.14338,0.13978,0.3148,0.67069,-0.16506,-0.45964,0.35682,0.84876,0.13653,0.08278,0.28246,-0.50811,0.40935,-0.34768,0.2771,-0.14028,-0.27254,0.38191,0.42104,-0.99523,0.16513,-0.10725,0.37835,-0.06276,-0.02327,-0.67966,0.19462,-0.47106,1.04093,0.4629,0.23833,-0.02957,0.29716,-1.03523,-0.58328,0.38348,-0.57035,-0.28314,0.62333,0.33805,0.00238,-1.43294,-0.43289,-0.61105,-0.07861,0.55251,-0.43684,-0.11523,-0.02243,0.05591,-0.48801,-0.25102,0.20671,0.0865,-0.22808,-0.00391,0.24971,-0.87333,-0.21471,-0.20997,0.36684,-0.22326,-0.24631,-0.39647,-0.5593,-0.39238,-0.71436,-0.18593,0.06915,-0.31624,0.84051,-1.55409,0.3679,-0.6652,0.2124,0.38941,0.45425,-0.35327,0.08697,0.19231,0.14204,-0.42139,0.49393,0.09953,0.57989,-0.76651,0.47383,-0.1793,-0.25898,-0.17888,0.12416,-1.12107,0.46426,-0.92692,0.73789,-0.64965,0.29219,-0.22032,0.43531,0.10843,0.4036,0.79358,-0.83427,0.40647
03,-0.17594,-0.00236,-0.18085,-0.4193,0.37899,-0.17559,-0.1049,0.2775,-0.22227,0.72323,-0.06427,0.11934,-0.72598,-0.19062,0.14014,0.43067,-0.62145,0.70316,-0.72066,-0.15461,0.14654,-0.13644,-0.59376,0.01341,-0.22104,0.52582,0.03403,0.10053,-0.33651,-0.19211,-0.16189,0.82193,-0.45012,-1.7e-4,-0.0259,-0.00411,-0.29246,-0.31677,-0.07313,-0.02269,-0.12339,0.11767,0.20809,0.01394,-0.14434,-0.09899,-0.07779,-0.0521,0.05494,0.82605,-0.01331,0.73028,-0.1461,0.16291,0.12252,-0.05072,0.02595,0.00786,0.05345,0.16515,0.5973,0.02592,-0.03775,0.60533,0.43033,-0.47506,-0.95392,0.75584,-0.45835,-0.36141,0.04384,0.17855,-0.54583,0.57866,0.08802,0.18775,-0.12816,-0.17888,-0.1579,-0.00234,-0.14527,-0.11273,-0.15388,0.4582,-0.08958,-0.07035,0.03655,0.009,-0.37942,0.11043,-0.2575,-0.23689,-0.37859,-0.2617,-0.13754,0.06099,-0.0458,-0.21184,-0.27469,0.00955,-0.25405,0.39953,-0.3683,-0.17519,0.02921,-0.19751,-0.43096,-0.00523,-0.68012,-0.06843,-0.31939,0.24067,-0.64968,-0.24299,-0.18162,-0.02939,-0.43801,0.44454,-0.36832,0.58028,-0.20813,0.26957,-0.06262,0.4638,-0.55936,0.08755,-0.4285,0.1165,-0.55272,-0.3663,0.0985,0.36857,-0.15958,0.04023,-0.58918,0.48938,-0.16799,0.15642,-0.15081,0.79296,-0.11362,-0.43391,0.66674,0.44375,-0.27069,0.08458,0.7644,0.19175,-0.19589,0.07873,0.56363,-0.30193,-0.32445,-0.29572,0.65764,-0.01233,-0.21913,0.14068,-0.17897,0.33452,-0.1467,-0.42377,0.74415,0.41348,0.41618,1.17873,-0.09876,0.10653,-0.10304,0.02522,0.07841,0.68565,0.02154,0.21054,-0.09403,-0.19639,-0.13998,-0.14209,-0.2534,0.03179,-0.35512,-0.02111,-0.01602,-0.25707,0.0363,0.24049,-0.66816,0.81469,-0.33349,5e-5,-0.02266,0.75493,0.86961,0.2367,-0.33891,0.21501,-0.56437,0.06329,-0.20115,-0.0458,0.60275,0.10932,-0.44277,0.18627,-0.3416,0.01128,-0.27988,0.42569,1.04679,0.43509,-0.11824,-0.00833,0.09429,-0.3563,-0.09762,-0.02853,-0.07084,0.14961,-0.09188,0.29363,-0.1484,0.4061,-0.27567,-0.0967,-0.10004,0.36454,-0.01759,-0.05918,0.06254,0.53579,-0.22152,0.3953,-0.57168,-0.16547,-0.06871,-0.24114,-0.06032,-0.1226,-0.33038,0.19875,-0.17601,0.02164,-0.15041,0.32239,-0.71952,0.74293
04,-0.25204,-0.22163,-0.11824,-1.61975,-0.05186,-0.10312,-0.23578,0.25427,-0.40908,1.83107,-0.26729,0.00421,-1.28681,-0.85759,-0.08134,-0.16781,-0.65113,0.80192,-1.35353,0.52017,0.09465,0.15135,-0.83655,0.25872,-0.54735,0.65808,-0.09012,0.47064,-0.48246,-0.1048,-0.80041,0.53906,-0.66257,0.05706,-0.46006,0.12036,-0.85725,0.03445,0.31376,-0.61348,0.03821,0.51568,0.28834,0.38228,0.56366,0.40195,-0.27096,-0.18031,0.04982,0.2359,-0.00535,1.01471,0.08161,0.17031,0.01811,0.05949,0.06443,0.12935,0.04479,0.13579,1.37003,0.77836,-0.26107,0.07728,1.33367,-0.56938,-0.77096,0.76373,-0.72892,-0.29641,0.05175,0.25196,-0.41154,0.72366,0.05131,0.2396,-0.11832,-0.80866,-0.22438,0.48062,-0.38703,-0.89352,-0.14195,0.30563,-0.18834,0.67799,0.11754,0.66425,-0.4096,0.58278,-0.32465,-0.06026,-0.19672,-0.04141,-0.24557,0.20724,-0.07506,-0.15527,-0.68031,-0.19182,-0.26844,0.62022,-0.22301,0.19719,-0.04987,-0.83857,-0.67932,-0.20077,-0.7899,0.48715,-0.37781,0.29797,-0.71448,0.2571,-0.1352,0.0785,-0.40888,-0.4467,-0.5856,0.43681,-0.24739,0.38873,-0.05985,0.25346,-0.88392,0.77329,-0.22287,0.13357,-0.95862,0.10867,0.20332,0.91141,-0.60386,-0.20064,-0.51446,0.5454,-0.10712,0.1843,-0.5076,0.9823,-0.12879,-0.35597,1.58304,0.4627,-0.16339,0.20641,1.53912,0.76063,-0.08928,-0.33317,1.21902,-0.72439,-0.02358,0.1829,1.01125,0.682,-0.05352,0.47153,0.23135,0.21885,-0.20857,0.09706,1.47023,-0.44464,-0.2912,0.99912,-0.55088,0.08359,-0.25447,0.42292,-0.34726,0.18492,-0.20644,0.33296,-0.31551,0.97316,0.434,-0.33,0.41352,0.68051,-0.51113,-0.00152,-0.32248,0.64902,-0.06469,0.2186,-0.53309,1.13486,-1.02188,-0.4264,0.2303,0.51533,1.33024,-0.57425,-0.71474,-0.10502,-1.08528,-0.2988,-0.60366,0.73693,1.31458,-0.03507,-0.76163,0.80708,-1.14884,0.60985,-0.14148,-0.32912,1.63741,-0.29379,-0.19373,0.47282,-0.28698,0.10926,-0.15304,0.04092,-0.24849,0.51952,-0.12494,0.50933,-0.32674,0.13117,-0.44982,-0.26139,-0.14708,-0.35692,-0.13518,-0.1462,0.15417,0.07718,-0.57757,-0.08993,-0.48306,0.5073,-0.22092,0.48739,-0.29661,0.54856,-0.88714,-0.01616,-0.3356,-0.34739,-0.46776,-0.06437,-1.22458,0.18659
05,0.42709,-0.46656,0.33796,-1.23383,0.07764,-0.64144,0.33162,-0.18841,0.42938,1.29788,0.41125,-0.19684,-0.27429,0.20521,0.63646,-0.21673,0.04299,-0.63373,-0.34798,-0.19703,0.51736,-0.33411,0.1833,-0.25254,0.5451,-0.64655,0.58767,-0.26566,0.37393,0.44847,0.37894,-0.31758,0.13313,0.43206,0.21072,-0.73221,0.47049,-0.06295,0.42779,-0.5251,0.38903,-0.8336,0.31711,-0.49242,-0.57421,-0.07946,0.10405,-0.62905,-0.1352,-0.35735,0.07796,-0.47064,0.55206,-0.1553,0.06296,-0.2426,0.4235,-1.00536,0.36748,-0.3777,1.64446,-0.27609,0.22294,0.08723,1.08981,-1.07685,0.15354,-0.70604,0.22356,-1.00329,0.34073,-0.60562,0.22624,-0.76395,0.37683,0.24495,0.73481,-0.5114,0.303,-0.46322,0.43704,-0.12001,0.51111,-0.4999,0.52669,-0.71878,0.32177,-0.84076,-6.2e-4,-0.37184,0.49806,-0.77152,0.14107,-0.36934,0.58856,-0.83658,0.39902,-0.36081,0.09645,0.32257,-0.16154,-0.70841,0.08749,-0.3723,0.10724,-0.81693,0.60044,-0.43466,-0.16057,-0.82032,-0.21095,-0.70478,0.09068,-0.3165,0.18195,-0.04013,0.25178,-0.00498,0.57526,-0.22627,0.3624,-0.89422,0.1397,0.03408,-0.30979,-0.57476,0.25447,-0.51519,0.19079,-0.53324,0.23386,-0.53508,0.30001,-0.45844,0.52307,-0.72748,0.3297,-0.53693,0.21363,-0.53196,0.3249,-0.38106,1.52074,-0.05262,0.21461,0.44548,1.21913,-0.71016,0.05407,0.05919,1.61104,-0.57447,0.4475,-0.39018,1.16065,-0.56542,0.0225,-0.73457,0.29035,-0.36861,0.52465,-0.69597,1.19704,-0.22187,0.53974,-0.43459,0.26972,-0.59049,0.10434,-0.3148,0.48545,-0.36332,0.36231,-0.64871,0.26021,-0.85941,-0.98013,0.5561,0.11595,-0.29155,-0.0556,0.15649,0.38275,-0.98684,0.09053,-0.39087,-0.10285,1.27094,0.06163,-0.05199,0.26844,-0.01722,2.04233,-0.65047,0.11873,-0.10349,0.20787,-0.10028,-0.04096,-0.63449,1.72889,-0.22512,0.17883,-0.43032,0.5451,-0.44163,0.34912,-0.44593,1.13111,0.20254,0.69876,-0.38082,0.32673,-0.83523,0.41905,-0.38861,0.14132,0.16822,0.51426,-0.13269,0.27036,-0.41695,0.56211,-0.30862,0.32528,0.09606,0.50027,-0.13804,0.49116,-0.26065,0.50404,0.07355,0.3205,-0.25278,0.4722,-0.59017,0.55699,-0.76274,0.23458,-0.63325,0.48601,0.35282,0.40387,-0.24328,0.07157,-0.69997
06,0.45633,0.65415,-0.37431,-0.88406,-0.03312,-0.79095,-0.21098,-0.36586,-0.09849,2.606,-0.1335,-0.42678,-0.50868,0.24742,0.38206,0.62331,0.05806,-0.22573,-0.45707,-0.29238,-0.13295,-0.17675,0.46541,0.19626,0.52232,-0.24614,0.25317,0.10117,-0.27407,0.26785,0.04377,0.1817,-0.22562,0.25532,-0.25967,-0.69511,-0.21479,0.22402,-0.13181,-0.73186,-0.26589,-0.67572,-0.32885,-0.52331,-0.35734,-0.51191,-0.62288,-0.30171,-0.44504,-0.40752,-0.47761,-0.20678,-0.01294,-0.30401,-0.68212,0.04979,-0.15746,-0.80122,0.08277,-0.25349,2.18788,-0.33402,-0.14951,-0.06844,1.34353,-0.16029,0.02881,-0.2592,0.07761,-0.81021,-0.2427,-0.53467,0.25981,-0.5219,-0.26356,-0.33749,0.06826,0.61332,-0.04978,-0.17071,0.02395,0.51276,0.14958,0.32931,0.08953,-0.27614,-0.23839,-0.43526,-0.65047,-0.50497,0.05994,-0.09407,-0.34569,0.1929,0.08409,-0.4869,-0.44774,-0.54085,0.21451,0.08152,-0.00416,-0.54925,-0.8058,-0.32741,-0.30953,-0.8485,0.50799,0.34981,0.25153,0.05731,-0.88095,-0.42461,-0.07348,0.32936,-0.47078,0.14655,-0.51738,0.98633,0.23492,0.1481,0.45679,-0.59879,-0.4031,0.18623,-0.73048,-0.31435,-0.37666,-0.23404,-0.26168,-0.7675,-0.22174,-0.27634,0.14666,-0.71274,0.51454,-0.29547,-0.42906,-0.41674,-0.20243,-0.18357,-0.48495,-0.07997,1.96246,0.043,-0.42333,-0.18968,1.95034,-0.38509,-0.3589,-0.35082,2.10906,-0.81037,-0.07786,-0.3734,1.28947,-0.40872000000000003,-0.64577,-0.55028,0.34725,-0.39455,0.16486,-0.37573,1.51008,0.29143,0.59782,-0.08793,0.43634,0.04191,-0.02431,-0.30613,-0.00501,-0.23791,0.28339,-0.51332,0.43068,-0.41461,-0.5538,0.37,-0.0255,-0.19097,-0.58585,-0.0456,0.59661,-0.55656,0.39075,0.26509,-0.47101,1.60548,0.05377,1.9e-4,-0.00255,0.43806,3.22017,0.1404,-0.27514,0.27249,0.14097,0.03586,-0.07052,-0.11458,2.75428,0.17645,-0.43833,-0.22869,0.43594,-0.19073,0.61881,0.13137,2.57877,0.70568,0.56316,-0.02232,-0.34585,-0.14832,0.05351,0.17512,0.21088,-0.25414,-0.09234,0.34274,-0.01778,-0.3924,0.67637,-0.17044,-0.22055,0.46889,0.11565,0.63815,-0.00297,0.11624,0.66124,0.6921,-0.14864,0.58831,-0.10074,-0.20823,-0.17462,-0.43093,-0.44647,-0.29898,0.02449,0.58657,-0.33538,-0.59856,0.47992,-0.64282
07,0.07701,-0.68073,0.37025,-0.81625,0.05039,-0.15427,0.36003,0.34413,0.39137,-0.03896,0.32712,0.10419,-0.07547,0.38057,0.27726,-0.40448,-0.28489,-0.79169,-0.50553,0.13014,0.35561,-0.37642,-0.0408,0.03657,-0.24155,-0.4741,0.3742,0.15607,0.28718,0.12754,0.1425,-0.37305,0.08462,0.15801,0.3638,6.7e-4,0.37061,-0.03851,0.32278,-0.55642,0.32402,-0.11837,0.37542,0.06818,-0.15361,-0.00733,0.42386,-0.26008,-0.0076,-0.15007,0.349,-0.59345,0.41743,0.37173,0.57143,0.10579,0.41355,-0.43065,0.32088,-0.29745,0.53148,0.1157,0.3591,0.1775,0.46044,-0.75384,-0.3562,-0.91926,-0.49449,-0.06404,0.29404,-0.10049,-0.28399,-0.56546,0.28727,0.48468,0.06425,-0.80371,0.28544,0.11144,0.02218,-0.74895,0.23977,-0.56634,0.25044,-0.42648,0.4026,-0.2271,0.28654,0.21712,0.05364,-0.8586,0.31212,-0.2879,0.20705,-0.33213,0.50474,0.10335,0.04464,0.18691,-0.39277,-0.6455,0.2334,0.1481,0.58418,0.27633,-0.07184,-0.4217,-0.44389,-0.78753,0.28193,-0.45703,-0.17532,-0.06988,0.30663,-0.09399,0.31394,-0.29183,0.02269,-0.19677,-0.01152,-0.72136,0.34316,0.01431,0.24461,-0.07898,0.08804,-0.35694,-0.05281,0.24437999999999999,0.13183,-0.22004,-0.40952,0.0058,-0.27016,-0.52864,0.44897,0.03195,0.23536,-0.68437,0.36264,-0.29653,0.57449,0.13466,0.32338,0.45882,0.35333,-0.55315,0.02285,0.41211,0.51163,0.05034,0.21282,0.0449,0.60208,0.17925,0.02833,-0.30236,-0.14031,0.19877,0.03011,-0.1119,0.57682,-0.34088,0.0559,-0.6319,0.26005,-0.50209,0.36899,-0.05567,0.44718,-0.52204,0.34801,-0.08553,-0.03722,-0.45649,-0.30842,-0.14232,-0.15846,0.18857,0.44023,0.18216,0.25831,-0.48945,-0.30335,-0.32865,0.06764,0.45898,-0.26835,-0.19447,0.06069,-0.37791,0.51061,-0.7376,0.24862,-0.00593,-0.09923,-0.31629,0.13741,-0.18407,0.35647,0.10425,0.19922,0.16901,0.06356,0.05966,0.02038,-0.60819,-0.25846,-0.21939,0.20576,0.03109,0.60015,-0.33285,0.21582,-0.11058,0.15288,0.17172,0.36372,-0.22652,0.36776,-0.23357,-0.049,-0.04447,0.51204,0.1413,0.39875,-0.109,0.48306,-0.29626,-0.08845,-0.43477,0.09268,-0.07521,0.2756,-0.12548,0.45013,-0.1347,0.34154,-0.16248,0.45085,0.13061,0.40868,0.31,-0.47098,-0.50534
08,0.38918,-0.09578,-0.15479,2.40545,-0.20227,-0.64677,0.30209,-0.14672,-0.12383,1.03815,-0.53439,-0.69493,0.01655,2.14878,0.19378,1.41875,-0.49379,-0.74543,0.4132,0.39781,-0.65346,-0.63115,1.84287,0.04134,-0.41147,-0.72653,-0.4068,0.11799,-0.35681,1.45939,1.1618,-0.10675,-0.20308,-0.28799,0.54384,-0.72166,-0.34853,-0.49072,-0.71497,-0.85954,0.09036,-0.63128,-0.72985,-0.09441,-0.75465,-0.91973,-0.68607,0.57344,0.70691,-0.76825,1.89039,-0.89723,0.48399,1.057,-0.73952,-0.53878,1.2577,-0.78989,0.35999,-0.73578,1.10984,-0.89067,1.9117,-0.32867,-0.39565,-0.45525,-0.26064,-0.84644,-0.49841,0.28951,-0.13449,-0.12896,-0.58432,-0.76468,-0.64146,-0.66092,-0.48895,-0.02484,1.22169,0.70839,-0.53228,-0.21962,0.81918,-0.20754,-0.6118,-0.76321,0.96425,-0.35472,-0.05875,-0.39003,0.33028,0.12124,0.2077,-0.35394,-0.48295,-0.41171,-0.61191,0.15255,0.58256,-0.53755,0.75889,-0.27259,-0.79919,-0.89361,1.00306,1.00138,-0.33649,0.04138,-0.42589,-0.49782,-0.47381,-0.80897,-0.06176,-0.58168,0.10678,-0.69084,0.51585,0.57673,-0.31911,-0.28679,-0.32531,-0.5606,-0.66409,-0.34445,1.15208,-0.63388,-0.6987,-0.63903,-0.50608,-0.03929,-0.73626,-0.48926,-0.5642,-0.7274,-0.18004,-0.5951,-0.66574,-0.36005,-0.52309,-0.63915,-0.63442,-0.36119,-0.02108,0.82777,1.7969,-0.56843,-0.22955,-0.91551,-0.82204,-0.68935,-0.14101,-0.52785,-0.52229,0.45615,-0.02546,0.69074,-0.59778,0.18808,0.7655,0.89972,0.1177,-0.51688,-0.29167,-0.2445,-0.47137,-0.69375,1.1413,-0.35479,0.54973,-0.3578,-0.24689,-0.7608,0.81697,-0.24749,0.44572,-0.20246,-0.43047,-0.49785,-0.59072,-0.3376,1.11626,-0.60199,2.44772,-0.66359,1.80539,0.21628,0.12042,-0.32476,-0.30207,0.75612,-0.47628,-0.05337,1.89689,-0.29582,1.54876,-0.30105,1.26695,-0.1747,0.9394,0.18864,1.20952,3.40431,0.49014,-0.31582,0.09824,-0.61322,-0.46699,-0.52082,0.13618,-0.01487,-0.45664,-0.30313,0.04937,-0.23118,1.03709,-0.19363,2.27621,-0.23135,-0.51652,-0.35446,1.45094,-0.6209,0.67409,0.76593,1.80278,-0.12529,-0.34073,-0.0402,0.32613,-0.52262,0.0077,-0.339,-0.43922,0.49708,0.79829,0.48204,-0.49938,-0.84408,0.66,-0.36218,-0.04859,0.9043,-0.37446,-0.40121,1.3576,-0.61747
09,0.1007,0.44634,-0.08546,0.63674,-0.15128,0.3985,0.00255,-0.44789,0.41933,-0.39791,-0.06484,-0.06995,0.95482,1.0194,0.18161,0.57788,0.46576,-1.17942,0.18275,-0.25399,-0.43036,-0.25456,0.92648,0.22982,0.21469,-0.47064,0.11274,-0.22753,0.13225,0.151,0.77092,-0.38066,0.77283,0.15989,0.04764,-0.00207,0.85113,0.67332,-0.38266,-0.10052,-0.04013,-0.26793,-0.60023,-0.21271,-0.59448,-0.69782,-0.23771,-0.03441,-0.35997,-0.43403,0.00606,-1.28045,-0.2051,0.08549,-0.18545,0.50247,-0.10083,-0.24184,-0.11249,-0.62647,-0.23001,-0.86043,0.24623,-0.31344,-0.57149,0.37344,0.48729,-1.40846,0.0687,0.79894,-0.2743,-0.03026,-0.02586,-1.20239,-0.36713,-0.25876,-0.09395,0.77474,0.44281,0.01611,0.17953,0.07549,0.28308,-0.25476,0.24273,-0.50058,-0.23471,-0.46425,-0.07198,-0.53383,0.03094,0.11147,0.09324,0.64276,0.18212,0.1884,-0.01943,0.29181,0.69524,-0.04242,0.01264,-1.31952,-0.26972,-0.17225,-0.00105,1.324,0.15363,0.26111,0.67508,-0.39925,-0.19081,-0.31829,0.22212,0.24319,-0.22154,-0.04482,0.24244,0.72635,0.34318,-0.33865,0.22673,-0.86519,-0.13466,-0.24881,0.8991,-0.41305,-0.12247,-0.2555,0.32359,0.28417,-0.36987,-0.78558,0.01937,0.1289,0.28459,-0.79125,-0.18714,0.08053,0.17443,-1.57479,-0.07678,0.58834,-0.52533,-0.16654,0.27301,-0.54918,-0.55658,-0.80127,-0.36079,0.30054,-0.21819,0.79867,0.04158,0.45702,-0.50908,-0.33498,-0.46627999999999997,-0.49815,-0.17947,-0.04939,0.32384,0.5115,-0.58958,0.43319,0.05309,-1.54947,0.62524,0.29603,0.23599,-0.45287,0.24731,-0.46689,0.30972,-0.31192,0.0854,-0.85266,-0.24448,-0.5452,-0.56742,-0.43266,0.41291,-0.02194,0.66552,-0.83731,-0.02799,0.07638,0.37389,-0.65086,0.83497,0.3436,-0.46285,-0.45811,0.23058,0.27418,0.50647,0.3896,0.8935,-0.40889,0.4445,-0.38613,0.01665,0.60204,0.49047,-0.72172,1.1206,0.03198,0.38001,0.20752,-0.41079,0.03477,0.18289,-0.21576,0.19638,0.2244,0.16413,0.42392,0.59924,-0.5815,0.03686,-0.49225,0.36774,-0.52824,0.46456,0.51498,0.31341,0.58606,-0.02578,1.04465,-0.21761,-0.20832,0.31384,0.38118,0.22859,0.14985,0.02861,-0.04192,0.22439,-0.59872,0.67456,0.17897,0.35592,0.51859,0.32946,0.15237,1.16716,-1.09042
10,-0.29437,0.00246,0.04307,-0.439,-0.07676,0.46073,-0.11065,0.44936,-0.04396,-0.37715,-0.10354,0.13965,-0.12775,0.08457,-0.15074,-0.13076,-0.30777,-0.1865,-0.65228,0.42556,-0.07444,-0.12965,-0.28228,0.32118,-0.53084,0.19847,-0.11502,0.37122,-0.11248,-0.27476,-0.22084,0.11117,-0.014,-0.11643,-0.04364,0.68099,0.04677,0.30548,-0.12997,-0.2205,-0.09444,0.76101,-0.05826,0.58738,0.30139,-0.27609,-0.00272,0.15289,-0.22062,0.23977,0.09478,-0.14086,-0.05165,0.36481,0.30702,0.44323,-0.09379,0.43711,0.0402,0.01239,-0.25797,0.16611,0.09778,-0.00215,-0.21097,-0.01929,-0.56044,-0.26981,-0.741,0.84183,-0.12711,0.4614,-0.58699,0.14514,-0.06361,0.11706,-0.37682,-0.25875,-0.01697,0.49115,-0.16703,-0.57299,-0.27944,0.01712,-0.13867,0.28825,-0.07263,0.27931,0.01467,0.49591,-0.27849,0.05015,-0.07535,0.23151,-0.18929,0.62185,0.14728,0.45535,-0.12986,-0.11672,-0.69986,-0.04292,0.09542,0.36351,0.18828,0.71931,-0.39215,0.08719,-0.42326,0.10002,0.06503,0.13578,-0.67356,0.02801,-0.18684,-0.11781,0.01271,-0.0503,-0.19685,0.07529,-0.28051,-0.03147,0.02043,0.03782,0.14842,0.37154,-0.25378,0.21147,-0.38641,0.50134,-0.21202,0.38281,-0.63487,0.24378,-0.66821,0.06943,0.01998,0.63058,-0.02676,-0.19435,-0.1752,0.1877,-0.18328,0.26443,0.11233,0.04331,-0.2515,0.05847,-0.18174,0.12159,-0.26269,0.39555,-0.22125,0.50526,-0.1007,0.48718,-0.39182,0.29486,-0.4718,0.52167,-0.15816,0.62938,-0.10858,0.09606,-0.36729,-0.18021,-0.05172,0.23462,0.04176,0.13337,0.06699,-0.16104,-0.08228,0.53151,-0.49605,0.29747,0.4823,-0.68281,-0.29141,0.46728,0.17306,-0.06082,-0.01124,0.22891,-0.46144,0.2021,-0.04431,-0.25067,-0.33016,-0.18948,-0.34593,-0.23077,-0.26805,-0.04409,-0.03758,0.33109,-0.35449,-0.43267,-0.1432,0.26244,-0.32179,-0.0372,-0.05288,0.35819,-0.18791,0.52823,-0.2487,-0.03965,-0.37761,-0.33263,-0.24184,0.36953,0.16665,0.47085,-0.18585,0.39238,-0.06601,0.19459,-0.03323,-0.18013,-0.05764,-0.0133,-0.27684,0.23099,0.10445,0.17335,0.03885,0.23449,-0.04919,0.00111,-0.42953,0.00453,-0.27749,0.17917,-0.22697,0.3077,0.0633,0.40114,0.00402,0.55853,0.12374,-0.00949,-0.01583,0.46346,-0.60918,0.13151
11,0.54463,-1.41816,0.80256,-0.92412,0.0846,-0.39276,0.7281,-0.01642,0.85426,-0.29047,0.65615,-0.15249,0.58485,0.58079,0.56818,-0.62803,0.22863,-1.36932,0.40628,-0.04975,0.83853,-0.35922,0.37257,-0.70901,0.5228,-1.1675,0.66853,-0.5979,0.73085,0.49735,0.55821,-0.91551,0.44931,0.51136,0.68952,-0.65807,1.01796,-0.11881,0.7272,0.08904,0.75761,-0.97819,0.62537,-0.31436,-0.73587,0.19598,0.8514,-0.80097,0.20288,-0.51841,0.5414,-1.1715,0.96407,-0.22285,0.59553,-0.45968,0.78004,-1.06796,0.47728,-0.49604,0.62824,-0.30943,0.67435,0.11084,0.50994,-1.28103,0.38142,-1.47592,0.46003,-0.84466,0.7572,-0.73517,0.44919,-1.11279,0.77722,0.61301,0.97,-1.26685,0.56269,-0.79969,0.74892,-0.38813,0.70302,-1.06128,0.75782,-1.11985,0.67312,-1.24778,0.77358,-0.10211,0.85703,-1.37639,0.78571,-0.62991,0.85008,-1.07056,0.88004,-0.18683,0.29801,0.59937,-0.0944,-1.10514,0.93605,-0.28248,0.59718,-0.28173,0.77443,-0.97837,-0.09502,-1.72286,0.58891,-1.07689,0.46396,-0.57387,0.75004,-0.10788,0.93756,-0.74403,0.76637,-0.47876,0.43022,-1.36225,0.64048,-0.13225,0.54853,-0.7988,0.83476,-0.73351,0.76141,0.07281,0.60158,-0.9154,0.33398,-0.15208,0.53241,-1.14272,0.90799,-0.61101,0.64632,-1.48695,1.01972,-0.15956,0.65623,-0.34252,0.77778,0.88118,0.21562,-1.14828,0.62545,0.59986,0.58738,0.09711,0.85354,-0.10537,0.60912,-0.72168,0.52057,-0.91204,0.3307,-0.38181,0.74468,-0.81996,0.46442,-0.63171,0.19555,-1.39639,0.3479,-1.16605,0.37415,-0.3381,0.81016,-0.67034,0.43184,-0.81098,0.37718,-1.34709,-1.1824,0.66236,0.02711,-0.48081,0.75034,0.48711,0.42795,-1.65987,-0.14076,-0.97343,0.60958,0.4189,0.21527,0.06007,0.28234,-0.49075,0.34422,-1.03684,0.55017,-0.39564,0.57467,0.0041,0.35812,-1.04297,0.43545,-0.32514,0.75576,-0.62864,0.5378,-0.69674,0.18263,-1.10377,-0.72368,-0.19009,0.65932,-0.64746,0.81766,-1.36075,0.66505,-0.65325,0.09802,0.40887,0.81188,-0.51371,0.49922,-0.52244,0.65303,-0.20336,0.74454,-0.16062,0.73349,-0.60142,0.73358,-0.66315,0.28419,-0.58204,0.79764,-0.83441,0.73479,-0.90695,0.97419,-0.75495,0.83442,-0.67333,0.82537,0.3602,0.82296,-0.01602,0.24149,-1.01823
12,-0.46106,0.93258,-0.53901,-0.17733,0.39739,0.21883,-0.17356,0.17935,-0.57388,0.83964,-0.30783,0.23169,-0.63453,-0.39387,-0.4566,0.90826,-0.11911,1.5315,-0.5024,0.27753,-0.39124,0.18786,-0.74229,0.0351,-0.60281,1.06828,-0.48362,0.09136,-0.66009,-0.34467,-0.36393,1.59543,-0.50991,-0.38787,-0.35365,0.45321,-0.63937,-0.11884,-0.34775,0.39455,-0.5509,0.80032,-0.31075,0.24144,0.30468,-0.37521,-0.51962,0.71641,-0.07551,0.8281,-0.15291,1.24145,-0.62444,0.16229,-0.37641,0.10278,-0.3857,0.73603,-0.21144,0.54538,-0.29019,0.22284,-0.27696,0.17902,-0.21497,0.41593,-0.83136,1.39773,-0.79553,0.29752,-0.33474,0.60769,-0.79627,1.31635,-0.4873,-0.2937,-0.68807,0.26253,-0.52327,0.17311000000000001,-0.64334,-0.11851,-0.5013,1.04656,-0.57501,0.49744,-0.30029,0.59433,-0.56166,0.40276,-0.68429,0.6076,-0.71744,0.02893,-0.65676,0.75864,-0.42704,0.02541,-0.39294,-0.35376,-0.11222,1.20992,-0.57923,-0.23631,-0.39808,0.08885,-0.86688,0.65668,-0.36832,0.97216,-0.45915,1.02422,-0.76955,-0.09929,-0.48224,-0.25109,-0.70092,0.60017,-0.81026,0.95359,-0.29835,0.97973,-0.5417,0.46058,-0.50701,0.16572,-0.76426,0.29454,-0.77368,-0.03118,-0.03168,0.73654,-0.30585,0.33516,-0.7333,1.08423,-0.57652,0.43523,-0.36045,1.60711,-0.44729,-0.10364,-0.35983,0.49813,-0.48555,-0.44737,-0.02972,0.87573,-0.41782,-0.34255,-0.23753,0.04385,-0.72412,0.00637,-0.15811,0.30801,-0.66836,0.57494,-0.56046,0.33457,-0.70643,0.07396,-0.18654,0.39079,0.09896,1.76987,-0.5558,0.36542,-0.39976,0.23676,-0.53341,0.94117,-0.35176,0.43601,-0.33626,0.49736,0.53038,-0.38987,-0.15554,0.09251,-0.55942,-0.21249,-0.19546,0.57651,0.12636,0.56696,-0.70482,0.04717,-0.47027,0.12705,-0.17134,0.96302,0.053900000000000003,0.96696,-0.45838,0.32509,-0.6045,0.20439,-0.47709,0.31741,-0.13838,0.0812,-0.65628,0.35605,-0.55641,0.28014,0.01312,0.88885,0.92035,0.28696,-0.46528,0.20814,-0.42406,0.3073,-0.29905,0.25958,-0.14673,0.43622,-0.55548,0.53137,-0.26678,0.65969,-0.55837,0.32497,-0.41102,0.15286,-0.44096,0.09612,-0.38277,0.8659,-0.44461,0.69422,-0.64501,0.22737,-0.31205,0.40543,-0.5662,0.25664,-0.51157,0.82832,-0.5294,-0.07402,-0.47866,0.17976,-0.66552,1.29998
13,-0.13343,0.11025,-0.31456,1.46397,-0.20584,-0.06668,-0.00132,0.01393,-0.33134,0.80017,-0.44511,-0.32989,-0.59913,1.40785,-0.13739,1.03711,-0.52748,0.32096,-0.21586,0.41805,-0.539,-0.32981,0.70496,0.00111,-0.64873,0.04612,-0.40567,0.25481,-0.50944,0.76265,0.41684,0.70925,-0.45559,-0.3964,0.11395,-0.05216,-0.42693,-0.38767,-0.56073,-0.55181,-0.22455,0.14594,-0.46383,0.21006,-0.16993,-0.64305,-0.51349,0.60621,0.32819,-0.07582,1.46082,-0.18809,0.16774,0.81053,-0.44836,-0.0111,0.68383,0.10946,0.01341,-0.25344,0.52825,-0.17844,1.44378,-0.02701,-0.30543,-0.04469,-0.60814,-0.26573,-0.87891,0.31179,-0.29511,0.22553,-0.8097,0.21001,-0.58955,-0.37274,-0.59237,-0.28175,0.53711,0.73713,-0.61338,-0.53264,0.47066,0.2662,-0.57253,-0.09433,0.43613,0.15744,-0.24191,0.34356,-0.21733,0.3297,-0.17915,-0.04341,-0.52527,0.24223,-0.47355,0.19744,-0.1398,-0.47233,0.06279,0.15155,-0.65329,-0.20584,0.45909,0.88909,-0.70329,-0.01515,-0.64033,-0.13736,-0.49928,-0.20631,-0.40782,-0.3608,-0.23186,-0.38594,0.03274,0.26853,-0.48956,0.11358,-0.49001,0.03967,-0.5048,-0.02886,0.61636,-0.17845,-0.64166,-0.08451,-0.79701,0.07317,-0.53927,0.23835,-0.67782,-0.20341,-0.4982,0.24332,-0.47594,0.23864,-0.45033,0.32644,-0.56448,-0.25504,-0.15856,0.73359,1.12467,-0.39948,-0.19299,-0.02361,-0.55708,-0.42456,-0.25345,-0.46485,-0.60026,0.39761,-0.02877,0.81962,-0.61202,0.37872,-0.00493,0.72423,-0.3608,-0.00348,-0.18301,-0.13901,-0.50371,0.53716,0.38484,0.07344,0.11624,-0.09649,-0.34778,-0.32648,0.27627,0.28149,-0.17099,0.16896,0.22704,-0.61046,-0.42576,0.22242,0.66138,-0.46336,1.85565,0.04124,0.97758,0.38223,-0.25992,-0.21778,-0.62007,0.25052,-0.46354,-0.01787,1.02556,0.04829,1.01229,0.01717,0.38322,-0.34601,0.29913,0.31591,0.47601,2.95962,-0.0554,0.02634,-0.48177,-0.16042,-0.50761,-0.24366,0.26923,-0.23266,-0.51135,-0.03135,-0.08448,0.23,0.35105,0.03863,1.52018,0.20666,-0.43721,-0.16403,0.69895,-0.17058,0.12621,0.50646,1.23933,-0.14122,-0.38165,-0.08323,0.08543,-0.19571,-0.45556,-0.01194,-0.54349,0.48484,0.39027,0.53327,-0.49722,-0.14608,-0.03203,0.19351,-0.30839,0.31437,-0.35954,-0.15581,0.17667,0.04299
14,0.26886,-0.19614,-0.54498,0.03575,1.38267,0.49041,-0.0925,0.51929,-0.38465,0.01114,0.37994,0.29312,-0.13223,-0.49569,-0.24822,-0.40671,-0.80086,0.43597,-0.93561,-0.35514,-0.26878,0.16447,-0.9696,0.04309,0.30931,0.23655,-0.12236,-0.1157,-0.34035,0.0026,0.27377,-0.00519,-0.51104,-0.11933,-0.00812,0.71983,-0.54155,-0.38266,-0.41433,0.79272,-0.42721,-0.01002,0.22457,-0.18177,0.2322,0.17182,-0.34359,0.49218,0.895,0.98944,-0.23422,0.54908,-0.42834,0.57732000000000006,-0.34287,-0.32509,-0.4372,0.45497,-0.2304,-0.50078,-0.15179,-0.56245,-0.08058,1.19383,-0.02641,0.15186,-0.79485,0.76608,-0.30314,-0.08876,0.4663,0.94736,-0.89059,-0.45959,-0.22862,-0.1511,-0.63814,1.32842,-0.40287,-0.31005,-1.36191,-0.36038,-0.28302,0.34281,-0.55455,0.04066,-0.28447,0.66564,-0.17966,-0.23702,-0.79284,-0.45963,-0.54448,-0.42497,-0.36213,0.13359,-0.53687,-0.81231,0.00156,-0.06971,0.66979,0.91628,-0.86401,-0.56543,-0.32838,0.40416,-0.96548,0.95767,-0.38037,-0.06682,-0.15142,0.53166,-0.36621,0.09913,-0.00783,0.2467,-0.44588,0.83953,-0.85122,1.05528,-0.16034,0.69881,-0.08917,1.02556,0.23008,0.60384,-0.44307,0.84385,-0.45314,-0.3251,0.56161,-0.02537,0.99096,0.66194,-0.92975,1.18998,-0.52176,0.76945,0.20906,-0.0817,-0.26429,-0.5489,-0.00247,0.60499,-0.46594,0.05629,0.62142,0.24259,0.02352,0.30383,-0.28932,0.22921,-0.51935,-0.49525,-0.00532,-0.07223,0.26967,0.15315,0.22023,0.20416,-0.30689,-0.44573,0.04162,1.31212,0.95388,-0.12976,-0.21603,0.11136,-0.19626,0.90431,-0.46102,0.98536,-0.12385,0.275,0.18568,-1.16788,0.16461,0.2753,-0.22794,-0.10025,-0.70573,0.18575,-0.29674,-0.31784,0.63155,0.70071,-0.40694,0.50647,0.74287,0.45441,0.27913,0.83238,-0.37522,-0.26369,-0.07472,0.58814,-0.52639,0.46669,0.27159,0.2908,-0.32344,-0.64012,-0.37464,0.16989,-0.47265,-0.54264,-0.34143,1.4023,0.20416,1.11253,-0.19802,-0.14929,-0.22841,-0.58169,-0.22177,0.13344,-1.22056,-0.74462,0.0198,1.13418,-0.51676,1.60494,-0.92495,-0.06447,-0.38448,0.66546,-0.49542,0.12588,0.03747,0.79837,-0.07881,-0.45188,-0.98479,-0.31582,0.07934,0.15635,-0.44283,0.1878,-0.35114,0.04082,-0.48784,0.1919,0.01106,0.76354,-0.76803,0.12348
15,0.06392,0.77472,-0.43963,-1.14234,-0.01326,-0.31089,-0.21185,-0.0079,-0.41302,2.41558,-0.20492,-0.17873,-0.92294,-0.21118,0.02443,0.59064,-0.32728,0.46806,-1.10191,0.16218,-0.22424,0.14248,-0.21969,0.3486,-0.25398,0.27064,-0.05357,0.37458,-0.49593,0.02678,-0.37716,0.65425,-0.43283,0.03287,-0.50233,-0.15624,-0.59357,0.25162,-0.30707,-0.69247,-0.39622,0.00499,-0.22506,-0.00831,0.24099,-0.28447,-0.60508,0.02106,-0.38264,-0.02784,-0.45677,0.54079,-0.30049,-0.03346,-0.62056,0.26759,-0.33414,-0.17091,-0.02126,0.17094,1.61693,0.17636,-0.3013,-0.01587,1.16256,-0.16967,-0.39876,0.36694,-0.52151,-0.29813,-0.31157,-5.7e-4,-0.36927,0.28788,-0.40895,-0.20485,-0.36371,0.4667,-0.37672,0.32459,-0.56735,-0.06297,-0.09348,0.53358,-0.31878,0.31634,-0.23117,0.32299,-0.69739,0.07513,-0.45037,0.10239,-0.52286,0.27228,-0.29238,0.09517,-0.56884,-0.38046,-0.17063999999999999,-0.1667,-0.15332,0.12935,-0.83777,-0.1554,-0.3273,-0.68169,-0.40757,0.44925,-0.20164,0.54038,-0.83454,0.18563,-0.63109,0.37648,-0.55223,0.07814,-0.71526,0.68627,-0.43943,0.41097,0.14709,0.0491,-0.4841,0.31279,-0.8963,0.21983,-0.50431,-0.00878,-0.78096,-0.30077,-0.25268,0.40725,-0.35866,-0.29304,-0.1446,0.25641,-0.56684,0.05907,-0.38039,0.558,-0.53736,-0.06769,1.53987,0.29171,-0.58053,-0.21057,1.62849,0.41751,-0.45042,-0.42726,1.52557,-0.68185,-0.40954,0.05979,1.0565,0.26129,-0.7604,0.06532,0.05034,-0.05277,-0.35129,0.01551,1.32164,0.21866,0.27396,0.61654,-0.0731,0.27000999999999997,-0.27066,0.18452,-0.32998,0.11182,-7e-5,0.06675,0.02765,0.44859,0.12507,-0.08933,-0.04189,0.27728,-0.76046,-0.07103,0.19965,0.21277,0.09122,0.52613,-0.64771,1.28707,-0.44098,-0.09234,-0.03239,0.56265,2.4336,0.14152,-0.47803,0.34971,-0.4695,-0.12662,-0.37048,0.49025,1.98155,0.10576,-0.73133,0.32001,-0.15022,0.41019,0.32009,0.2594,2.46021,0.43334,0.12178,0.3131,-0.46612,0.22452,-0.19767,0.38525,-0.03894,0.12476,-0.27836,0.52497,-0.17915,0.00358,-0.0303,-0.03307,-0.29826,0.36175,-0.17218,0.59452,-0.11593,0.30099,0.12406,0.61651,-0.52087,0.78443,-0.21396,0.31994,-0.41581,0.1904,-0.70947,0.17515,-0.29619,0.18389,-0.47411,-0.36957,-0.18122,-0.09064
16,-0.46428,0.50282,-0.38783,-0.8119,-0.42395,0.36301,-0.36092,0.40906,-0.57636,1.20347,-0.35397,0.06442,-1.07613,-0.47555,-0.3499,0.35827,-0.46345,0.82442,-1.25308,0.89689,-0.36157,0.38673,-0.56419,0.64036,-1.05181,0.68591,-0.33915,0.97278,-0.60446,-0.08213,-0.68116,0.82097,-0.43551,-0.15213,-0.68615,0.45978,-0.86244,0.48221,-0.16015,-0.69014,-0.32117,0.82443,-0.24987,0.76114,0.87333,-0.19361,-0.5474,0.55336,-0.40437,0.18531,-0.03068,0.61183,-0.31853,0.38425,-0.32307,0.64195,-0.20278,0.57583,-0.11999,0.42174,0.421,0.78488,-0.12685,-0.28144,0.33177,0.13447,-0.76078,0.22501,-1.18289,0.52246,-0.4629,0.53949,-0.754,0.9065,-0.3873,0.002,-0.62928,-0.14529,-0.3391,1.01801,-0.83483,-0.6064,-0.29667,0.60887,-0.56679,1.12244,-0.21399,1.00885,-0.46537,0.8094,-0.56301,0.5,-0.44304,0.48751,-0.65396,0.88346,-0.43399,0.22693,-0.62126,-0.43854,-0.54634,0.66624,-0.60758,0.44765,-0.17527,-0.13113,-1.03741,0.32387,-0.53861,0.82024,-0.57852,0.64611,-0.82378,0.51344,-0.45654,0.04557,-0.67818,-0.10079,-0.71838,0.50925,-0.35349,0.60761,-0.36677,0.27153,-0.62775,0.90414,-0.59094,0.44459,-1.14607,0.45897,-0.41494,1.02813,-1.03936,0.03142,-0.74828,0.62779,-0.45399,0.57002,-0.61835,0.75779,-0.61049,0.20525,0.39541,0.60892,-0.18517,-0.20663,0.4781,1.12434,-0.46989,-0.50624,0.192,-0.35281,-0.42823,0.68055,0.17236,1.09076,-0.59357,0.74316,-0.25062,0.61772,-0.65218,0.74499,0.43699,-0.16913,-0.61363,0.90816,-0.50546,0.52932,-0.26649,0.53279,-0.68518,0.01523,-0.2734,0.78118,-0.57016,1.20314,0.92532,-0.79119,-0.03356,0.97126,-0.41715,-0.21369,-0.00496,0.96716,-0.25932,0.59809,-0.56827,0.07956,-1.0592,-0.28323,-0.31208,0.13254,0.56203,-0.09575,-0.57943,0.30969,-0.87624,-0.21828,-0.55433,1.16741,0.36915,0.45316,-0.72188,1.05318,-0.87104,1.05766,-0.23487,-0.01642,1.06063,-0.36694,-0.45303,0.7982,-0.49566,0.90034,-0.36025,0.5984,-0.00683,0.51285,-0.36068,0.44259,-0.26408,0.17167,-0.5812,0.21971,-0.04983,-0.1002,-0.39064,0.41214,-0.20684,0.12483,-0.71451,0.32187,-0.53564,0.97719,-0.42388,0.84857,-0.60058,0.98657,-0.66326,0.67057,-0.50002,-0.19051,-0.61994,-0.11253,-0.74168,0.26443
17,0.38603,-0.68298,0.47678,-1.83288,0.22914,-0.04185,0.3165,-0.0336,0.24715,0.76875,0.79948,0.36865,-0.12339,-0.64629,0.47795,-1.13454,-0.04725,0.57791,-0.48714,0.02922,0.54041,-0.21892,-0.57943,-0.36531,0.43865,-0.09926,0.71884,-0.20291,0.29462,0.4727,0.45744,-0.55456,0.13789,0.67272,0.34926,-0.32108,-0.5344,-0.33322,0.37727,-0.25048,0.2455,-0.39438,0.59999,-0.26722,0.22346,0.96989,-0.05631,-0.62628,1.18927,0.13958,0.02405,0.46886,0.10794,0.51199,0.12116,-0.25177,0.276,0.07628,0.4221,-0.90579,0.62306,0.04897,0.24903,0.19923,1.03201,-1.23056,0.23852,0.80083,0.25337,-0.65816,0.27988,-0.00293,-0.4955,-0.79275,0.19708,0.4176,-0.34195,-1.02134,-0.19518,-0.77778,-1.18348,-1.22916,0.2548,-0.90185,-0.13851,-0.63906,0.46774,-0.26812,0.15608,-0.29173,-0.08256,-1.11446,0.32241,-0.56398,0.09647,-0.64183,0.03405,-1.12453,0.37859,0.49187,0.77526,0.53738,0.08084,-1.00334,-0.07773,-0.70104,-1.03378,-0.75103,0.1828,-0.16881,0.80699,0.01907,-0.45937,-0.54976,0.59199,-0.39211,-0.09728,-0.43936,-0.5285,0.33642,0.5285,0.25354,0.22671,0.44449,-0.26529,-0.15994,0.22604,-0.56099,-0.25389,-0.00999,0.91494,-0.26619,0.43029,0.19243,-0.26762,0.30234,0.30353,-0.21125,0.33604,-0.08998,0.46386,-0.15159,1.0293,-0.37933,0.03632,0.59461,1.04891,-0.38902,0.61796,0.51736,0.57485,0.20022,0.33439,0.10567,0.63309,-0.54769,0.89291,-0.36919,0.74338,-0.27598,0.1795,-0.50524,1.01991,-0.0226,0.5784,0.21825,0.22422,-0.49072,0.48305,0.7189,-0.23037,-0.3077,0.04368,-0.2589,-0.06658,-1.34746,-0.43607,-0.16521,1.63307,-0.55471,-0.1705,0.64002,-0.53481,-0.39221,1.01299,-0.42874,0.445,0.94734,0.7156,0.48761,1.69474,0.32279,0.12936,-0.89933,0.07283,-0.5845,-0.26735,-0.19911,0.41044,-0.55522,0.5509,-1.2697,-0.07597,-0.1762,-0.06359,-0.98035,0.43113,0.15234,0.13116,0.1673,0.36527,-0.48033,0.16867,-0.71734,0.17626,-0.44217,-1.07731,-0.15789,0.13456,0.64561,-0.03834,0.051,-0.49059,0.23812,-0.28226,-0.36295,0.22096,-0.81808,0.5655,-0.14107,0.71692,-0.51614,-0.5018,-0.65806,0.4961,0.08673,-0.2271,-0.28005,-0.1187,-0.50318,0.14316,0.04405,0.35421,0.03949,-1.05301,0.74155
18,-0.65384,0.35671,-0.24565,0.08042,-0.11892,0.86831,-0.26818,0.63739,-0.49809,-0.48479,-0.20953,0.25511,-0.63164,-0.45191,-0.57101,0.11188,-0.21637,0.83759,-0.65826,0.77802,-0.28758,0.48077,-0.81281,0.49143,-0.84091,0.80439,-0.44376,0.65566,-0.38992,-0.26072,-0.86941,0.65073,-0.56208,-0.2248,-0.27695,0.99868,-0.9174,0.14668,-0.26173,0.229,-0.42279,1.25218,-0.20021,0.94816,1.04644,0.09511,-0.31343,0.80227,9.2e-4,0.54747,0.06691,0.79015,-0.42909,0.52028,0.04104,0.3887,-0.36427,1.14175,-0.17322,0.56117,-1.05828,0.5594,0.01361,-0.08364,-0.45373,0.55933,-0.71953,1.00398,-0.87676,1.09829,-0.37576,1.04675,-0.83495,1.15477,-0.22372,-0.00739,-0.82437,-0.48716,-0.42719,0.43884,-0.81081,-0.57889,-0.64092,0.3584,-0.78552,0.99988,-0.24685000000000001,1.27048,0.01121,0.81946,-0.63153,0.52678,-0.16732,0.22517,-0.82113,1.15217,-0.26418,0.44054,-0.53622,-0.26155,-0.26434,1.04601,-0.10208,0.27438,-0.12975,0.5247,-1.0468,0.14674,-0.61812,0.8261,0.11893,1.24846,-0.84995,0.18438,-0.24805,-0.1245,-0.48703,-0.53151,-0.83673,0.67235,-0.56191,0.90348,-0.09875,0.20127,-0.09277,0.76192,-0.44191,0.64014,-0.93595,0.93754,-0.16703,0.95051,-0.65336,0.6918,-1.09201,1.00646,-0.32067,0.80277,-0.22713,0.84197,-0.28109,0.2055,-0.76822,0.38286,-0.18848,-0.04428,-0.56023,1.4111,-0.18002,-0.05632,-1.25062,0.34413,-0.49739,0.66347,-0.61191,1.0341,-0.05042,0.84658,-0.42153,0.7665,-0.70925,0.84096,-0.44189,-0.01044,-0.70035,0.91589,-0.6477,0.5477,-0.2653,0.64873,-0.50762,0.41404,-0.56429,0.81417,-0.83999,0.93775,1.33541,-0.79173,0.04753,0.67005,-0.0952,0.03561,-0.48363,1.0484,-0.14931,0.49771,-0.20731,-0.84185,-0.69347,-0.07907,-0.1345,0.02481,-1.67696,0.24032,-0.32915,0.0439,-0.92009,0.12117,-0.34251,0.92424,-1.31257,0.02913,-0.58478,0.98344,-1.54699,0.91584,-0.51581,0.41903,-0.79965,-0.39985,-0.88177,0.51235,-0.31569,0.79145,-0.46867,0.39875,-0.34899,0.2408,-0.38498,0.39753,-0.4537,0.67278,-0.93302,0.54272,-0.27848,-0.40055,-0.38164,-0.15154,-0.26694,0.35275,-0.81369,-0.2112,-0.61849,0.24839,-0.45718,0.6878,-0.55219,1.27666,-0.66729,1.03075,-0.55819,-0.40385,-0.44168,0.48655,-1.32824,1.03308
19,0.65695,0.55943,-0.07572,-0.41623,-0.06258,-0.63979,0.06868,-0.6444,0.34523,1.04289,0.19132,-0.23781,0.42438,0.90116,0.57386,0.6879,0.49231,-1.1335,0.21941,-0.60778,-0.1991,-0.42827,0.90983,0.13906,0.7093,-0.9211,0.49133,-0.10722,0.20885,0.51054,1.07421,-0.20915,0.74636,0.38287,0.09263,-0.81397,0.91942,0.44001,-0.13084,-0.5368,-0.01001,-1.00855,-0.46946,-0.82271,-0.94401,-0.7114,-0.32378,-0.224,-0.6383,-0.69765,-0.44572,-1.33223,0.0303,-0.34343,-0.5606,0.12252,-0.15295,-1.13825,0.15976,-0.57088,1.05478,-1.01208,-0.04596,-0.19026,0.31797,-0.09279,0.70182,-1.12215,0.48495,-0.55643,-0.12979,-0.61925,0.5136,-1.25173,-0.24907,-0.43782,0.31892,0.76973,0.19739,-0.35753,0.53739,0.68246,0.42872,0.06553,0.5771,-0.89707,-0.11166,-1.04619,-0.25407,-0.99103,0.25053,-0.34184,-0.20589,0.22446,0.53002,-0.5965,-0.13429,-0.26747,0.71926,0.15249,-0.02941,-1.45074,-0.51318,-0.38368,-0.33277,-0.12148,0.88902,0.44672,0.72307,-0.33703,-0.7687,-0.82388,0.47065,0.27505,-0.29976,-0.0294,0.05627,1.00939,0.80804,-0.11818,0.63523,-1.29488,-0.30062,0.0268,0.11104,-0.81118,-0.0471,-0.31641,0.51662,-0.7824,-0.37322,-1.12587,0.63451,-0.47849,0.83365,-1.05155,-0.27593,-0.39816,0.15955,-1.21921,-0.06967,0.31433,0.68725,-0.16632,-0.10716,-0.38575,0.63431,-0.9837,-0.42096,-0.12719,1.16731,-0.12341,0.17375,-0.33287,0.48747,-0.90649,-0.63467,-1.05112,0.10114,-0.44935,0.47167,-0.2545,0.36991,0.58529,0.73197,-1.11821,0.80983,-0.13322,0.2476,-0.64748000000000006,0.355,-0.58465,0.6048,-0.92567,0.47606,-1.16036,-0.93044,0.56493,-0.27282,-0.60364,-0.1219,-0.08708,0.85053,-1.25405,0.28992,0.11734,0.00869,0.5477,0.82355,0.40927,-0.21982,0.0481,1.88187,0.24145,0.25534,0.47769,0.85105,-0.15482,0.29722,-0.80095,1.53212,0.11792,0.30273,-0.89529,1.40843,-0.56221,0.67741,0.20624,1.09752,0.77967,0.7576,-0.1898,0.085,-0.2407,0.37946,0.18701,0.51591,-0.59112,0.17195,-0.14717,0.48647,-0.6993,1.0374,0.24987,0.08739,0.77507,0.31096,0.99509,0.00835,-0.04843,0.84076,0.78297,0.47133,0.27868,0.16294,-0.54906,0.37641,-0.98357000000000006,0.74939,-0.36848,0.4474,0.78698,0.31542,-0.43748,1.48287,-1.07705
20,0.79217,-0.56478,0.14241,-0.33602,-0.3492,-0.51556,1.58115,-0.24651,0.18505,0.77038,1.0921,0.39257,0.21472,0.07267,0.05646,-0.89059,0.04615,-0.26748,0.42269,0.18221,-0.13968,-0.1351,-0.96102,-0.94887,-0.34612,-0.26514,-0.35481,-0.24295,0.23616,0.48456,0.43709,-0.03823,0.26305,-0.18789,0.41287,-0.63416,-0.65603,-0.59744,-0.53279,-0.48827,0.49712,-0.65583,0.8225,-0.43429,-0.16921,0.19886,1.81996,0.51214,0.02782,-0.20976,-0.77666,-0.47439,-0.30711,-0.35913,-0.59159,-0.72751,0.16185,-0.24974,1.11258,1.09545,0.40141,0.35301,-0.1655,-0.08038,0.8383,-0.58164,1.22037,-0.04271,0.60736,0.2828,0.68094,-0.03052,0.42096,-0.21828,0.14079,-0.01255,-0.02591,-0.74201,-0.69509,-0.86907,-0.40774,-0.72838,0.52501,-0.34474,-0.59745,-0.75772,1.10505,-0.22632,1.28568,-0.19923,-0.27781,-0.91129,-0.46168,-0.65705,-0.30027,-0.66662,-0.7212,-0.83161,-0.4383,-0.35815,1.48251,-0.0755,-0.50902,-0.52503,-0.27108,-0.53254,-0.66603,-0.21281,0.24006,-0.92278,0.1736,-0.30199,0.7512,0.03838,0.96554,-0.15774,-0.24265,-0.57554,-0.21576,-0.41203,0.31081,0.15368,-0.33675,0.02272,-0.27567,-0.81236,1.32176,-0.25613,1.08345,0.16101,-0.01247,-0.28104,1.08993,0.71208,0.98907,-0.27229,0.40558,0.19114,0.99673,-0.35562,1.25538,0.04611,-0.31746,-0.5871,-0.61277,-0.35469,-0.30335,-0.62868,0.8947,0.38525,0.99876,-0.56364,-0.12837,-0.51439,1.24511,0.45581,-0.48083,-0.68631,-0.79746,-0.60468,-0.60834,-0.55483,0.17023,-0.3332,2.1301,-0.09546,-0.83947,-0.88169,-0.85911,-0.07676,-0.69717,-0.44825,0.51277,-0.03994,0.75752,-0.60014,0.18005,1.64737,-0.16843,-0.61297,-0.07445,-0.05526,0.12285,-0.61092,0.55476,-0.29612,-0.1975,1.71455,0.48723,0.67778,1.24575,-0.09299,0.76195,-0.55751,0.7751,0.48013,1.08532,0.66413,-0.25746,-0.37732,-0.14308,-0.64953,-0.37572,-0.56793,0.18102,-0.407,1.18679,0.17892,0.98696,0.19385,0.42006,0.08166,-0.19851,-0.94818,0.72468,-0.39608,0.57461,-0.08038,0.26036,0.34969,0.98255,0.34534,-0.38501,-0.48438,-0.59318,-0.33477,-0.48686,-0.90731,-0.01464,-0.60528,0.6699,-0.54296,1.12137,-0.01437,1.37366,-0.21142,-0.57165,-0.60504,0.31383,0.15517,-0.58698,-0.50187,0.61048,-0.65141,-0.23733,-0.30147
